SUBURB_NAME,LOCAL_GOVERNMENT_AREA,AVG_HEAT_CELSIUS,MIN_HEAT_CELSIUS,MAX_HEAT_CELSIUS,HEAT_STD_DEV,MESH_BLOCK_COUNT,AVG_VEGETATION_PCT,AVG_TREE_PCT,AVG_SHRUB_PCT,AVG_GRASS_PCT,AVG_SMALL_TREES_PCT,AVG_MEDIUM_TREES_PCT,AVG_LARGE_TREES_PCT,TOTAL_AREA_HECTARES,CENTROID_LONGITUDE,CENTROID_LATITUDE,SUBURB_HEAT_CATEGORY,HEAT_RANK,VEGETATION_RANK
Abbotsford,Yarra (C),7.88,4.43,12.05,1.35,110,19.99,11.79,4.06,4.14,7.4,3.19,1.2,174.05,145.0,-37.8,Moderate Heat,163,288
Airport West,Moonee Valley (C),9.9,7.93,11.61,0.61,126,24.64,7.19,5.92,11.54,5.48,1.18,0.52,371.88,144.88,-37.72,High Heat,51,256
Albert Park,Port Phillip (C),6.6,3.1,8.28,0.94,212,20.33,12.98,3.64,3.71,9.15,2.85,0.97,467.45,144.96,-37.85,Moderate Heat,219,285
Alphington - Fairfield,Darebin (C),7.79,5.37,9.61,0.82,132,30.28,14.8,7.13,8.35,11.19,2.9,0.7,288.48,145.02,-37.78,Moderate Heat,169,176
Altona,Hobsons Bay (C),7.41,-1.09,9.58,1.18,210,35.04,8.52,6.6,19.93,7.13,1.07,0.33,1768.32,144.82,-37.87,Moderate Heat,190,98
Altona Meadows,Hobsons Bay (C),9.42,4.03,11.14,1.19,224,36.04,6.02,7.18,22.83,5.27,0.66,0.1,1053.9,144.78,-37.88,High Heat,76,88
Altona North,Hobsons Bay (C),8.91,4.11,11.27,0.84,182,34.48,7.58,7.22,19.67,6.3,0.99,0.3,1618.3,144.85,-37.83,High Heat,106,105
Ardeer - Albion,Brimbank (C),10.48,8.71,12.62,0.67,101,32.74,8.38,6.65,17.7,6.94,1.11,0.33,458.79,144.81,-37.78,High Heat,34,132
Armadale,Stonnington (C),7.62,6.01,9.76,0.59,156,24.63,16.5,4.79,3.34,12.65,2.99,0.85,218.35,145.02,-37.86,Moderate Heat,180,257
Ascot Vale,Moonee Valley (C),9.36,5.28,11.86,0.78,182,26.76,10.95,6.7,9.12,9.39,1.2,0.36,383.57,144.92,-37.78,High Heat,80,227
Ashburton (Vic.),Boroondara (C),7.82,5.25,9.22,0.69,103,32.05,17.05,6.45,8.54,12.55,3.41,1.08,283.62,145.08,-37.87,Moderate Heat,167,148
Ashwood - Chadstone,Monash (C),8.41,5.59,10.05,0.67,227,28.44,13.02,6.56,8.86,10.14,2.11,0.77,670.83,145.1,-37.87,High Heat,131,203
Aspendale Gardens - Waterways,Kingston (C) (Vic.),9.73,3.99,11.36,1.22,91,38.85,8.46,8.26,22.12,7.55,0.84,0.08,530.73,145.12,-38.02,High Heat,61,58
Bacchus Marsh,Moorabool (S),9.6,4.95,12.94,2.65,10,38.39,5.95,5.3,27.12,4.57,1.01,0.36,1254.04,144.51,-37.68,High Heat,66,62
Balwyn,Boroondara (C),7.61,5.66,9.19,0.6,220,30.52,19.15,6.15,5.23,13.68,3.86,1.61,558.44,145.08,-37.81,Moderate Heat,181,170
Balwyn North,Boroondara (C),8.03,4.77,9.67,0.68,228,32.36,18.25,6.89,7.22,13.45,3.45,1.34,884.82,145.08,-37.79,High Heat,156,139
Bayswater,Knox (C),8.01,2.51,10.91,1.01,167,25.96,11.56,4.86,9.54,8.16,2.35,1.05,804.31,145.26,-37.85,High Heat,158,238
Bayswater North,Maroondah (C),7.01,3.45,10.95,1.11,156,37.24,18.78,5.79,12.67,11.22,4.9,2.67,990.79,145.29,-37.83,Moderate Heat,205,74
Beaconsfield - Officer,Cardinia (S),10.7,2.95,15.0,2.66,159,44.58,11.21,6.46,26.9,6.74,2.4,2.07,4117.85,145.4,-38.05,High Heat,31,37
Beaumaris,Bayside (C),6.61,1.89,9.34,1.49,169,34.43,18.99,7.95,7.5,14.14,3.41,1.45,596.78,145.04,-37.98,Moderate Heat,218,107
Belgrave - Selby,Cardinia (S),2.78,2.32,3.23,0.64,2,73.45,46.05,5.45,21.95,10.8,8.55,26.65,322.82,145.4,-37.93,Low Heat,251,3
Belgrave - Selby,Yarra Ranges (S),4.63,-1.94,9.84,1.83,127,65.57,45.52,6.12,13.93,12.99,8.58,23.94,5242.14,145.36,-37.92,Moderate Heat,241,8
Bentleigh - McKinnon,Glen Eira (C),8.73,6.58,11.77,0.55,281,25.32,10.43,6.89,8.0,9.39,0.88,0.16,622.33,145.04,-37.92,High Heat,116,248
Bentleigh East (North),Glen Eira (C),9.13,7.12,12.05,0.52,156,25.19,9.7,6.64,8.86,8.62,0.84,0.23,459.88,145.07,-37.91,High Heat,91,253
Bentleigh East (South),Glen Eira (C),9.06,5.99,9.95,0.53,139,28.72,10.75,7.24,10.72,9.19,1.21,0.35,458.81,145.06,-37.93,High Heat,96,200
Berwick - North,Casey (C),10.92,6.09,14.11,1.13,283,37.88,15.35,7.12,15.41,11.15,2.79,1.4,1974.8,145.34,-38.03,High Heat,23,67
Berwick - South,Casey (C),12.51,6.68,15.35,1.38,240,38.05,9.2,8.66,20.18,7.79,1.05,0.36,1485.56,145.34,-38.06,Extreme Heat,3,66
Blackburn,Whitehorse (C),7.63,3.77,11.42,1.09,280,32.26,20.6,5.85,5.82,12.37,4.96,3.27,860.72,145.15,-37.82,Moderate Heat,179,141
Blackburn South,Whitehorse (C),8.17,6.1,9.67,0.6,115,32.01,17.42,6.6,8.0,12.12,3.7,1.6,359.66,145.15,-37.84,High Heat,149,149
Boronia,Knox (C),7.16,1.75,10.09,1.09,283,33.06,18.17,5.8,9.1,11.09,4.31,2.77,1126.23,145.28,-37.86,Moderate Heat,199,125
Box Hill,Whitehorse (C),7.88,4.71,10.47,0.79,284,28.85,16.32,5.4,7.14,11.99,3.09,1.24,701.12,145.12,-37.83,Moderate Heat,163,199
Box Hill North,Whitehorse (C),8.19,6.1,9.47,0.55,201,32.47,17.86,6.85,7.76,13.36,3.29,1.2,620.81,145.12,-37.81,High Heat,147,137
Braeside,Kingston (C) (Vic.),9.31,6.67,11.51,1.4,34,26.52,6.02,2.39,18.1,3.6,1.73,0.69,908.18,145.11,-38.0,High Heat,82,232
Braybrook,Maribyrnong (C),9.93,4.71,11.72,1.05,219,30.53,8.11,6.66,15.76,6.93,0.91,0.26,748.34,144.86,-37.78,High Heat,49,169
Brighton (Vic.),Bayside (C),7.23,0.62,10.17,1.59,331,27.25,14.91,6.36,5.97,12.1,2.24,0.58,820.0,145.0,-37.91,Moderate Heat,197,222
Brighton East,Bayside (C),8.37,7.06,9.64,0.5,177,29.89,16.55,7.05,6.29,13.42,2.45,0.68,560.79,145.02,-37.92,High Heat,134,183
Broadmeadows,Hume (C),9.22,6.81,11.01,0.64,141,37.4,8.42,7.76,21.23,6.87,1.21,0.32,882.53,144.92,-37.68,High Heat,87,70
Brunswick,Moreland (C),8.95,4.87,11.82,0.81,363,18.77,8.26,5.68,4.83,7.08,0.9,0.28,514.2,144.96,-37.77,High Heat,104,291
Brunswick East,Moreland (C),8.69,6.46,10.08,0.72,147,25.58,10.77,6.36,8.44,8.35,1.68,0.73,216.78,144.98,-37.77,High Heat,118,241
Brunswick West,Moreland (C),9.11,7.82,11.25,0.58,206,29.5,11.86,7.61,10.02,9.76,1.68,0.43,317.92,144.94,-37.76,High Heat,93,188
Bulleen,Boroondara (C),8.36,7.77,8.92,0.52,5,17.5,13.8,1.62,2.08,4.06,3.38,6.34,9.94,145.09,-37.78,High Heat,135,292
Bulleen,Manningham (C),8.51,2.96,10.83,1.29,140,31.04,13.97,7.21,9.86,9.73,2.27,1.97,657.11,145.09,-37.77,High Heat,126,157
Bundoora - East,Banyule (C),9.22,7.43,10.55,0.54,104,29.17,11.14,7.55,10.48,8.59,1.75,0.8,400.11,145.07,-37.7,High Heat,87,193
Bundoora - East,Nillumbik (S),8.02,8.02,8.02,,1,25.2,14.0,3.5,7.8,6.2,5.5,2.2,7.31,145.07,-37.69,High Heat,157,252
Bundoora - North,Whittlesea (C),9.26,4.44,11.07,1.29,69,25.98,9.21,6.44,10.32,6.93,1.55,0.73,471.39,145.07,-37.68,High Heat,84,237
Bundoora - West,Whittlesea (C),8.96,6.46,10.4,0.7,88,33.49,10.34,7.96,15.18,7.81,1.87,0.66,255.97,145.05,-37.69,High Heat,103,118
Bunyip - Garfield,Cardinia (S),6.25,1.75,10.37,1.81,105,46.68,15.46,4.29,26.93,7.45,3.95,4.05,25712.93,145.67,-38.08,Moderate Heat,226,33
Burnside,Melton (C),11.35,8.95,12.68,0.82,48,25.3,5.39,6.5,13.4,5.17,0.19,0.03,255.15,144.75,-37.75,High Heat,14,250
Burnside Heights,Melton (C),11.72,9.12,12.66,0.82,46,21.96,4.75,5.47,11.74,4.26,0.46,0.02,199.49,144.76,-37.73,High Heat,6,277
Burwood,Whitehorse (C),8.11,4.47,9.88,0.79,142,27.44,14.02,6.17,7.26,10.7,2.28,1.04,503.88,145.11,-37.85,High Heat,152,217
Burwood East,Whitehorse (C),8.52,3.78,10.85,0.83,116,29.12,13.56,6.69,8.87,9.46,2.71,1.38,426.25,145.15,-37.85,High Heat,125,194
Cairnlea,Brimbank (C),11.57,8.21,12.56,0.87,102,27.36,7.48,5.6,14.29,5.53,1.32,0.62,440.55,144.79,-37.76,High Heat,9,219
Camberwell,Boroondara (C),7.47,6.03,9.98,0.63,275,32.01,19.64,6.25,6.12,14.03,4.27,1.34,729.13,145.07,-37.84,Moderate Heat,187,149
Campbellfield - Coolaroo,Hume (C),9.21,3.99,11.03,1.01,244,31.92,5.6,6.07,20.25,4.44,0.88,0.28,1818.4,144.95,-37.67,High Heat,88,151
Carlton,Melbourne (C),8.34,6.56,9.71,0.68,197,15.34,11.4,1.82,2.13,6.5,3.51,1.38,181.81,144.97,-37.8,High Heat,137,297
Carlton North - Princes Hill,Melbourne (C),7.02,5.32,9.16,1.96,3,60.8,19.4,4.03,37.37,10.2,6.73,2.43,91.3,144.96,-37.79,Moderate Heat,204,13
Carlton North - Princes Hill,Yarra (C),8.84,7.59,10.17,0.53,110,20.74,12.63,4.74,3.36,9.29,2.62,0.72,139.11,144.97,-37.79,High Heat,109,284
Carnegie,Glen Eira (C),8.53,6.42,10.2,0.68,223,24.46,11.42,6.37,6.65,10.09,1.08,0.25,380.43,145.06,-37.89,High Heat,124,261
Caroline Springs,Melton (C),9.45,5.25,12.09,1.4,195,24.47,6.71,5.99,11.76,6.26,0.41,0.04,695.15,144.74,-37.74,High Heat,75,260
Carrum - Patterson Lakes,Kingston (C) (Vic.),7.5,1.07,10.76,2.0,210,29.72,7.87,6.71,15.14,6.85,0.86,0.15,582.45,145.14,-38.07,Moderate Heat,186,185
Carrum Downs,Frankston (C),9.49,2.05,11.41,1.28,258,38.91,9.44,7.48,21.99,7.42,1.49,0.53,2030.9,145.18,-38.1,High Heat,72,57
Caulfield - North,Glen Eira (C),8.16,5.76,9.75,0.58,256,26.76,15.61,5.91,5.25,12.75,2.21,0.64,641.84,145.02,-37.87,High Heat,150,227
Caulfield - South,Glen Eira (C),8.73,7.45,10.44,0.43,215,25.53,12.81,6.47,6.25,11.14,1.34,0.34,474.24,145.03,-37.89,High Heat,116,242
Chelsea - Bonbeach,Kingston (C) (Vic.),8.64,2.28,11.73,2.18,241,32.11,7.06,8.91,16.15,6.33,0.61,0.1,542.32,145.12,-38.06,High Heat,120,146
Chelsea Heights,Kingston (C) (Vic.),9.84,4.46,11.52,1.22,65,42.94,10.83,8.56,23.55,9.13,1.42,0.29,319.59,145.13,-38.04,High Heat,56,43
Cheltenham - Highett (East),Kingston (C) (Vic.),10.05,7.63,13.99,0.8,308,23.82,9.64,6.1,8.08,7.93,1.26,0.45,873.77,145.06,-37.96,High Heat,46,267
Cheltenham - Highett (West),Bayside (C),8.35,5.43,9.91,0.82,151,29.21,13.69,6.71,8.82,10.75,2.18,0.76,531.95,145.04,-37.95,High Heat,136,192
Chirnside Park,Yarra Ranges (S),7.24,3.35,11.2,1.12,107,43.0,14.21,8.49,20.3,10.69,2.23,1.28,2219.95,145.32,-37.75,Moderate Heat,196,41
Clarinda - Oakleigh South,Kingston (C) (Vic.),9.92,6.72,11.8,0.66,129,32.67,8.35,8.02,16.3,7.02,0.95,0.38,632.23,145.1,-37.94,High Heat,50,133
Clayton,Monash (C),9.0,4.88,10.87,0.72,233,25.52,9.66,5.85,10.01,8.02,1.25,0.37,941.08,145.13,-37.92,High Heat,100,243
Clayton South,Kingston (C) (Vic.),9.71,5.84,11.91,0.82,160,29.97,7.13,6.99,15.85,6.07,0.73,0.34,793.75,145.13,-37.94,High Heat,62,181
Coburg,Moreland (C),9.12,5.95,11.53,0.8,326,27.07,9.93,7.01,10.12,7.96,1.55,0.41,693.32,144.96,-37.75,High Heat,92,225
Coburg North,Moreland (C),9.08,5.83,11.35,0.96,153,28.35,9.88,6.31,12.15,7.05,2.04,0.79,487.73,144.97,-37.73,High Heat,95,204
Collingwood,Yarra (C),8.72,6.88,9.81,0.62,123,11.48,7.64,2.37,1.47,5.16,1.72,0.77,126.69,144.99,-37.8,High Heat,117,301
Craigieburn - Central,Hume (C),8.47,7.55,9.68,0.44,74,27.29,7.65,6.5,13.15,6.62,0.8,0.23,396.8,144.93,-37.59,High Heat,128,221
Craigieburn - North,Hume (C),8.76,7.08,9.83,0.65,96,24.24,6.94,5.68,11.6,6.26,0.6,0.08,1334.88,144.93,-37.58,High Heat,113,263
Craigieburn - South,Hume (C),8.79,5.82,10.03,0.79,150,28.24,7.1,5.87,15.26,5.91,0.97,0.21,1191.25,144.92,-37.6,High Heat,111,206
Craigieburn - West,Hume (C),9.2,5.76,10.7,0.69,119,16.9,2.65,3.77,10.49,2.52,0.12,0.01,621.07,144.91,-37.58,High Heat,89,294
Cranbourne,Casey (C),11.67,6.04,15.68,1.58,251,35.22,10.06,6.42,18.75,7.59,1.72,0.75,1302.77,145.28,-38.1,High Heat,8,95
Cranbourne East,Casey (C),13.84,9.22,15.56,1.11,209,29.45,3.6,5.51,20.34,3.11,0.33,0.16,4289.27,145.32,-38.11,Extreme Heat,1,189
Cranbourne North,Casey (C),12.41,7.3,15.57,2.34,178,34.17,7.48,6.88,19.81,6.21,1.06,0.2,1023.96,145.29,-38.08,Extreme Heat,5,110
Cranbourne South,Casey (C),8.83,3.58,14.14,2.08,100,48.56,12.72,6.6,29.23,8.92,2.8,1.0,8167.06,145.27,-38.15,High Heat,110,30
Cranbourne West,Casey (C),10.38,6.65,12.68,1.05,134,32.76,4.91,6.01,21.85,4.3,0.51,0.09,1289.88,145.25,-38.1,High Heat,35,131
Croydon - East,Maroondah (C),7.29,4.79,10.5,0.91,204,33.08,19.01,5.61,8.45,11.78,4.49,2.73,809.73,145.29,-37.8,Moderate Heat,193,124
Croydon - West,Maroondah (C),7.1,4.37,10.73,1.11,155,34.46,19.78,5.73,8.94,11.57,4.84,3.38,679.73,145.28,-37.79,Moderate Heat,200,106
Croydon Hills - Warranwood,Maroondah (C),6.79,3.75,10.1,1.11,191,41.04,25.09,6.32,9.63,12.81,6.72,5.56,949.09,145.27,-37.77,Moderate Heat,212,49
Croydon South,Maroondah (C),6.63,4.63,7.73,0.72,57,37.15,21.24,5.97,9.94,12.32,5.53,3.4,285.57,145.28,-37.82,Moderate Heat,217,75
Dandenong,Greater Dandenong (C),9.2,0.99,12.06,1.14,506,26.65,7.26,5.21,14.18,5.52,1.12,0.6,6182.59,145.21,-37.99,High Heat,89,230
Dandenong North,Greater Dandenong (C),8.61,4.41,10.21,0.72,258,33.8,9.24,8.02,16.55,7.93,0.99,0.31,945.86,145.21,-37.96,High Heat,121,116
Deer Park - Derrimut,Brimbank (C),11.1,1.9,13.46,1.51,289,25.41,5.27,5.67,14.47,4.45,0.62,0.19,2133.22,144.77,-37.77,High Heat,17,245
Delahey,Brimbank (C),11.41,9.96,12.81,0.48,89,25.39,5.25,5.91,14.24,4.52,0.68,0.04,350.51,144.77,-37.72,High Heat,13,246
Dingley Village,Kingston (C) (Vic.),9.77,7.08,10.9,0.75,119,38.59,13.02,8.09,17.48,10.36,1.84,0.81,724.37,145.13,-37.98,High Heat,58,61
Docklands,Melbourne (C),6.06,0.27,11.22,2.15,56,12.12,5.67,1.64,4.82,3.26,1.0,1.41,244.38,144.94,-37.82,Moderate Heat,229,299
Doncaster,Boroondara (C),9.75,9.51,10.0,0.35,2,11.15,8.9,0.65,1.65,3.0,3.05,2.8,6.23,145.1,-37.79,High Heat,59,302
Doncaster,Manningham (C),8.53,6.39,11.21,0.76,254,27.42,13.74,6.73,6.95,10.49,2.21,1.04,870.55,145.12,-37.79,High Heat,124,218
Doncaster,Whitehorse (C),7.51,7.51,7.51,,1,54.1,40.9,7.9,5.3,26.0,12.0,3.0,0.44,145.12,-37.8,Moderate Heat,185,24
Doncaster East (North),Manningham (C),8.49,4.02,9.99,0.92,162,36.01,17.36,8.15,10.51,11.58,3.34,2.42,640.18,145.17,-37.77,High Heat,127,89
Doncaster East (South),Manningham (C),8.73,5.32,10.69,0.68,180,26.41,13.4,6.48,6.53,10.18,2.18,1.03,476.76,145.16,-37.79,High Heat,116,233
Donvale - Park Orchards,Manningham (C),6.46,2.73,9.67,1.83,192,44.44,27.18,7.15,10.12,13.29,6.35,7.54,2079.99,145.2,-37.79,Moderate Heat,221,38
Doreen,Whittlesea (C),10.06,5.46,12.65,1.33,211,28.97,7.27,5.97,15.73,4.98,1.29,1.0,1445.94,145.13,-37.6,High Heat,45,197
Doveton,Casey (C),8.16,4.37,9.32,0.7,142,36.33,10.48,6.37,19.49,7.8,1.81,0.87,519.34,145.24,-37.99,High Heat,150,86
Dromana,Mornington Peninsula (S),4.65,-1.73,10.04,2.13,291,50.29,16.82,10.84,22.63,12.77,2.75,1.3,4506.82,144.98,-38.33,Moderate Heat,240,28
East Melbourne,Melbourne (C),7.68,3.57,8.91,0.94,90,25.31,17.45,3.41,4.45,10.58,4.73,2.14,289.96,144.98,-37.81,Moderate Heat,177,249
Edithvale - Aspendale,Kingston (C) (Vic.),7.93,2.48,10.99,2.33,202,29.79,7.43,8.36,14.0,6.58,0.67,0.18,510.01,145.11,-38.03,Moderate Heat,160,184
Elsternwick,Glen Eira (C),8.18,5.3,9.41,0.54,159,25.86,14.41,6.13,5.31,11.66,2.12,0.63,286.15,145.01,-37.89,High Heat,148,239
Eltham,Nillumbik (S),7.07,3.18,10.44,1.07,264,41.44,29.75,6.15,5.54,13.82,9.11,6.82,1948.53,145.15,-37.71,Moderate Heat,201,47
Elwood,Port Phillip (C),6.48,3.16,8.92,1.28,237,29.23,19.98,4.72,4.52,13.41,5.26,1.32,255.25,144.99,-37.88,Moderate Heat,220,191
Emerald - Cockatoo,Cardinia (S),4.09,-1.65,8.5,1.77,233,69.1,43.24,6.63,19.22,12.59,8.25,22.4,24417.31,145.47,-37.95,Moderate Heat,247,4
Emerald - Cockatoo,Yarra Ranges (S),2.28,0.63,3.35,1.3,5,80.74,59.02,5.82,15.9,9.78,6.52,42.7,298.75,145.45,-37.9,Low Heat,252,2
Endeavour Hills - North,Casey (C),7.85,3.51,9.53,1.44,129,45.75,13.05,8.32,24.37,9.52,2.4,1.12,1447.45,145.26,-37.97,Moderate Heat,165,34
Endeavour Hills - South,Casey (C),8.69,3.72,10.19,0.86,151,36.67,11.25,7.47,17.94,9.07,1.59,0.6,558.73,145.26,-37.98,High Heat,118,85
Epping - East,Whittlesea (C),9.0,6.98,10.37,0.68,128,30.79,7.86,6.33,16.59,6.33,1.2,0.33,776.73,145.04,-37.64,High Heat,100,163
Epping - South,Whittlesea (C),9.23,6.36,10.8,0.78,133,32.97,7.32,5.89,19.75,5.78,1.18,0.36,1586.86,145.03,-37.65,High Heat,86,126
Epping - West,Whittlesea (C),9.53,7.23,10.44,0.72,121,27.8,5.37,5.14,17.29,4.46,0.72,0.17,735.59,145.01,-37.63,High Heat,69,211
Essendon - Aberfeldie,Moonee Valley (C),9.51,6.0,11.18,0.68,363,27.71,10.84,6.59,10.28,9.06,1.26,0.52,844.2,144.91,-37.75,High Heat,70,213
Essendon Airport,Moonee Valley (C),11.22,11.22,11.22,,1,37.1,1.4,2.0,33.7,1.2,0.1,0.0,335.44,144.9,-37.73,High Heat,16,76
Fawkner,Moreland (C),9.37,7.29,11.32,0.54,150,33.8,7.37,8.7,17.73,6.22,0.95,0.19,508.41,144.97,-37.71,High Heat,79,116
Ferntree Gully (North),Knox (C),6.74,1.76,9.07,1.39,171,35.59,18.53,6.07,10.99,11.2,4.59,2.75,698.44,145.28,-37.88,Moderate Heat,215,93
Ferntree Gully (South) - Upper Ferntree Gully,Knox (C),7.0,1.41,9.94,1.44,186,38.22,16.51,6.33,15.37,10.25,3.87,2.4,914.97,145.28,-37.89,Moderate Heat,206,63
Fitzroy,Yarra (C),8.23,5.93,9.85,0.71,176,15.02,10.77,2.78,1.47,7.37,2.54,0.85,137.77,144.98,-37.8,High Heat,144,298
Fitzroy North,Moreland (C),7.75,5.66,9.26,1.12,12,37.04,15.6,9.27,12.15,12.58,1.86,1.15,16.07,144.98,-37.77,Moderate Heat,173,77
Fitzroy North,Yarra (C),8.33,6.03,10.28,0.65,167,24.87,13.9,5.47,5.49,10.61,2.6,0.69,234.41,144.98,-37.78,High Heat,138,255
Flemington,Moonee Valley (C),8.74,6.08,10.74,0.87,123,28.98,17.51,5.67,5.79,11.27,4.3,1.93,158.06,144.93,-37.78,High Heat,115,196
Flemington Racecourse,Melbourne (C),8.99,8.99,8.99,,1,44.1,7.3,4.4,32.3,4.4,1.9,1.0,170.91,144.91,-37.79,High Heat,101,39
Flinders,Mornington Peninsula (S),0.74,-8.92,6.83,2.69,215,65.15,27.63,9.28,28.23,14.39,5.96,7.29,28746.17,144.99,-38.43,Low Heat,254,9
Footscray,Maribyrnong (C),9.54,6.34,12.2,0.92,258,20.93,8.23,5.17,7.53,7.05,0.91,0.27,496.65,144.9,-37.8,High Heat,68,283
Forest Hill,Whitehorse (C),8.03,6.23,9.87,0.62,118,32.13,16.74,6.75,8.65,11.36,3.67,1.71,407.02,145.17,-37.84,High Heat,156,144
Frankston,Frankston (C),8.02,1.95,12.09,1.36,394,29.95,14.86,7.15,7.93,11.58,2.38,0.89,1162.61,145.14,-38.15,High Heat,157,182
Frankston North,Frankston (C),8.73,5.33,10.88,0.61,263,34.05,15.14,7.32,11.58,11.69,2.6,0.85,1323.93,145.15,-38.14,High Heat,116,113
Frankston South,Frankston (C),6.46,-0.84,9.12,1.69,222,44.59,22.63,9.6,12.35,17.16,3.9,1.57,1456.21,145.13,-38.17,Moderate Heat,221,36
Gisborne,Macedon Ranges (S),6.41,2.93,9.44,1.62,38,32.12,12.63,4.83,14.65,7.33,3.43,1.86,8076.87,144.6,-37.52,Moderate Heat,223,145
Gladstone Park - Westmeadows,Hume (C),10.0,7.21,12.04,0.68,205,38.71,9.19,7.98,21.54,7.49,1.36,0.33,1393.4,144.89,-37.68,High Heat,47,59
Glen Iris - East,Boroondara (C),7.33,4.88,10.78,0.7,207,34.39,20.6,6.61,7.17,14.7,4.24,1.67,570.45,145.07,-37.85,Moderate Heat,192,108
Glen Waverley - East,Monash (C),8.27,3.04,9.52,0.72,213,35.56,15.56,8.43,11.55,11.59,2.7,1.28,916.38,145.18,-37.88,High Heat,141,94
Glen Waverley - West,Monash (C),8.22,5.93,10.79,0.68,240,29.89,14.85,6.45,8.6,10.68,2.76,1.4,767.55,145.16,-37.88,High Heat,145,183
Glenroy,Moreland (C),9.64,6.99,11.58,0.55,253,33.1,8.42,8.06,16.62,6.98,1.15,0.29,885.69,144.92,-37.7,High Heat,64,123
Gowanbrae,Moreland (C),10.91,9.7,11.51,0.43,26,30.65,5.53,8.14,16.95,5.03,0.45,0.05,152.25,144.9,-37.7,High Heat,24,167
Greensborough,Banyule (C),8.33,5.19,11.52,1.07,246,33.25,20.52,6.01,6.71,11.84,5.61,3.08,1009.59,145.11,-37.7,High Heat,138,121
Greenvale - Bulla,Hume (C),9.33,-3.8,11.65,1.24,169,37.0,7.96,6.59,22.44,6.48,1.08,0.4,9588.81,144.89,-37.64,High Heat,81,78
Hadfield,Moreland (C),9.53,7.68,10.81,0.46,69,31.24,6.78,7.78,16.67,5.77,0.84,0.17,304.98,144.95,-37.71,High Heat,69,155
Hallam,Casey (C),9.12,5.2,12.06,1.05,127,33.21,8.46,6.51,18.24,6.83,1.25,0.38,805.66,145.27,-38.01,High Heat,92,122
Hampton,Bayside (C),7.79,-3.34,10.0,1.35,213,29.72,14.34,7.19,8.19,11.55,2.18,0.61,568.45,145.01,-37.94,Moderate Heat,169,185
Hampton Park - Lynbrook,Casey (C),9.46,5.33,11.2,1.01,243,39.32,8.74,7.23,23.34,6.95,1.36,0.44,1334.27,145.27,-38.04,High Heat,74,55
Hastings - Somers,Mornington Peninsula (S),4.78,-1.04,9.28,2.17,381,57.26,23.38,10.85,23.03,15.66,5.14,2.58,10873.55,145.17,-38.34,Moderate Heat,239,18
Hawthorn,Boroondara (C),7.42,4.28,9.76,0.74,331,28.19,17.78,5.5,4.91,13.25,3.15,1.38,567.14,145.03,-37.82,Moderate Heat,189,207
Hawthorn East,Boroondara (C),7.52,3.01,9.29,0.68,206,26.19,16.15,5.51,4.53,12.52,2.75,0.88,382.36,145.05,-37.83,Moderate Heat,184,235
Healesville - Yarra Glen,Yarra Ranges (S),4.6,-1.54,8.09,1.72,163,62.85,28.83,8.46,25.57,13.72,6.58,8.53,12951.6,145.49,-37.66,Moderate Heat,242,11
Heidelberg - Rosanna,Banyule (C),8.31,2.52,11.59,1.03,204,32.54,17.57,7.01,7.95,11.95,3.51,2.11,637.12,145.07,-37.75,High Heat,140,136
Heidelberg West,Banyule (C),8.19,5.75,10.88,0.62,203,32.44,13.63,6.81,12.0,10.1,2.6,0.93,669.07,145.05,-37.74,High Heat,147,138
Hillside,Melton (C),10.31,8.31,12.76,0.74,205,20.28,4.71,4.56,11.01,4.31,0.32,0.07,6653.76,144.74,-37.7,High Heat,37,286
Hoppers Crossing - North,Wyndham (C),9.55,6.27,12.1,1.67,221,27.8,6.48,6.42,14.9,5.81,0.58,0.08,1091.28,144.7,-37.86,High Heat,67,211
Hoppers Crossing - South,Wyndham (C),8.39,5.83,12.05,1.35,212,26.93,7.67,6.74,12.51,6.59,0.91,0.17,701.07,144.69,-37.87,High Heat,133,226
Hughesdale,Monash (C),8.55,7.34,10.02,0.56,91,25.37,11.69,6.07,7.61,9.85,1.49,0.35,200.94,145.08,-37.9,High Heat,123,247
Hurstbridge,Nillumbik (S),5.76,3.52,7.76,0.95,42,56.5,34.72,7.93,13.87,14.76,11.07,8.88,1483.94,145.19,-37.64,Moderate Heat,232,19
Ivanhoe,Banyule (C),7.75,3.85,10.27,1.03,171,35.78,19.07,7.54,9.18,13.7,3.57,1.8,504.96,145.04,-37.77,Moderate Heat,173,90
Ivanhoe East - Eaglemont,Banyule (C),7.06,2.61,9.08,1.01,99,41.91,25.53,7.91,8.47,16.24,5.46,3.82,427.68,145.06,-37.77,Moderate Heat,202,45
Keilor,Brimbank (C),9.8,5.65,11.72,0.99,144,34.04,10.9,7.02,16.13,7.96,2.0,0.94,1654.75,144.84,-37.72,High Heat,57,114
Keilor,Hume (C),8.2,5.2,11.39,2.08,9,10.91,2.57,2.07,6.31,2.33,0.17,0.03,96.25,144.85,-37.71,High Heat,146,303
Keilor Downs,Brimbank (C),10.81,9.4,12.87,0.51,156,31.03,7.53,7.56,15.96,6.02,1.19,0.32,765.9,144.81,-37.72,High Heat,27,158
Keilor East,Moonee Valley (C),10.1,6.07,12.58,0.78,316,32.61,8.11,7.85,16.65,6.5,1.11,0.5,1089.02,144.86,-37.75,High Heat,42,134
Kensington (Vic.),Melbourne (C),9.1,6.66,11.3,0.92,158,24.95,14.8,4.8,5.35,11.53,2.71,0.57,213.61,144.93,-37.79,High Heat,94,254
Kensington (Vic.),Moonee Valley (C),9.04,8.95,9.14,0.13,2,9.3,7.85,1.0,0.45,3.7,3.7,0.5,1.06,144.93,-37.79,High Heat,97,305
Kew,Boroondara (C),7.54,3.54,9.45,0.92,342,33.29,19.38,6.85,7.06,13.73,4.03,1.62,1053.26,145.04,-37.8,Moderate Heat,183,120
Kew East,Boroondara (C),7.64,3.02,9.49,1.11,97,36.88,20.34,7.02,9.51,13.49,4.19,2.67,401.5,145.05,-37.79,Moderate Heat,178,80
Keysborough,Greater Dandenong (C),9.97,5.62,12.37,0.97,287,35.61,6.83,6.89,21.89,5.49,0.96,0.38,3027.96,145.17,-38.0,High Heat,48,92
Kilsyth,Yarra Ranges (S),6.67,3.34,9.23,0.85,105,40.31,19.37,6.54,14.4,11.14,4.85,3.38,824.15,145.32,-37.81,Moderate Heat,216,51
Kinglake,Murrindindi (S),0.03,-2.55,2.21,1.23,22,66.68,27.9,6.81,31.95,9.26,4.25,14.4,935.27,145.33,-37.53,Low Heat,255,6
Kings Park (Vic.),Brimbank (C),10.97,9.07,13.46,0.62,144,27.47,5.5,6.78,15.2,4.59,0.7,0.21,443.21,144.77,-37.74,High Heat,20,215
Kingsbury,Darebin (C),8.75,5.3,10.02,0.79,96,35.19,14.21,7.36,13.62,9.41,2.92,1.88,900.8,145.05,-37.71,High Heat,114,96
Knoxfield - Scoresby,Knox (C),7.88,1.07,11.04,1.41,177,28.89,12.32,5.11,11.46,8.49,2.72,1.11,1526.42,145.24,-37.89,Moderate Heat,163,198
Koo Wee Rup,Cardinia (S),10.27,8.25,16.89,1.6,54,30.29,6.52,4.68,19.1,4.84,1.1,0.58,11189.97,145.48,-38.19,High Heat,38,175
Lalor,Whittlesea (C),9.38,7.32,11.15,0.68,253,30.57,5.27,7.25,18.05,4.7,0.46,0.11,1205.76,145.01,-37.67,High Heat,78,168
Langwarrin,Frankston (C),8.02,3.29,10.61,1.45,281,41.69,18.14,8.71,14.83,13.42,3.66,1.06,3762.35,145.19,-38.15,High Heat,157,46
Laverton,Hobsons Bay (C),9.66,8.64,10.87,0.46,56,34.54,8.72,6.75,19.07,7.18,1.21,0.33,202.44,144.77,-37.86,High Heat,63,104
Laverton,Wyndham (C),10.86,7.53,12.3,0.97,84,21.74,2.66,3.86,15.22,2.27,0.28,0.11,2021.83,144.77,-37.85,High Heat,26,279
Lilydale - Coldstream,Yarra Ranges (S),6.96,1.64,10.65,1.49,222,45.05,18.46,7.52,19.07,10.93,4.23,3.3,10936.51,145.36,-37.75,Moderate Heat,207,35
Lynbrook - Lyndhurst,Casey (C),10.22,6.23,11.96,1.13,120,32.77,6.31,6.44,20.02,5.05,0.89,0.37,735.85,145.25,-38.06,High Heat,41,130
Lysterfield,Knox (C),7.28,2.85,8.34,1.08,57,47.46,16.49,9.1,21.86,12.42,2.86,1.21,1410.32,145.28,-37.92,Moderate Heat,194,32
Lysterfield,Yarra Ranges (S),3.64,3.64,3.64,,1,94.1,5.5,2.1,86.5,2.8,1.6,1.0,439.02,145.31,-37.92,Low Heat,248,1
Malvern - Glen Iris,Stonnington (C),7.83,4.87,9.58,0.68,319,27.97,17.42,5.75,4.8,12.88,3.4,1.14,615.48,145.04,-37.86,Moderate Heat,166,210
Malvern East,Stonnington (C),7.88,5.47,10.02,0.73,290,30.88,17.52,6.33,7.02,12.73,3.7,1.09,756.68,145.06,-37.88,Moderate Heat,163,161
Maribyrnong,Maribyrnong (C),10.07,4.47,13.23,1.26,147,30.36,9.43,6.7,14.23,7.98,1.07,0.37,549.27,144.89,-37.78,High Heat,44,173
Meadow Heights,Hume (C),9.6,7.65,10.93,0.45,135,39.92,6.83,7.8,25.28,5.74,0.95,0.14,462.41,144.92,-37.65,High Heat,66,53
Melbourne,Melbourne (C),7.26,2.85,11.5,1.44,265,6.92,5.9,0.44,0.58,1.99,1.72,2.18,236.89,144.96,-37.81,Moderate Heat,195,306
Melbourne Airport,Hume (C),10.78,10.18,11.99,0.78,5,37.24,4.0,2.38,30.88,2.34,1.08,0.56,3037.98,144.84,-37.68,High Heat,29,74
Melton,Melton (C),10.9,4.26,13.62,1.11,251,27.15,7.92,4.6,14.62,5.83,1.43,0.66,13068.12,144.59,-37.67,High Heat,25,224
Melton South,Melton (C),10.96,0.8,13.49,1.6,273,23.65,5.42,4.45,13.77,4.34,0.8,0.28,8398.99,144.56,-37.71,High Heat,21,270
Melton West,Melton (C),11.45,9.14,14.52,0.97,192,24.43,4.88,5.01,14.54,4.13,0.58,0.16,2419.73,144.56,-37.67,High Heat,11,262
Mentone,Kingston (C) (Vic.),8.77,2.94,10.96,1.5,205,24.1,10.43,6.41,7.25,8.87,1.23,0.34,445.0,145.07,-37.98,High Heat,112,264
Mernda,Whittlesea (C),10.32,5.35,12.16,1.29,178,27.79,6.29,5.12,16.38,4.42,1.18,0.68,2381.87,145.09,-37.6,High Heat,36,212
Mickleham - Yuroke,Hume (C),8.51,7.29,9.68,0.6,22,26.69,6.11,3.35,17.25,4.1,1.55,0.44,7061.78,144.9,-37.56,High Heat,126,229
Mill Park - North,Whittlesea (C),9.01,4.78,10.41,0.61,187,28.08,9.35,6.66,12.07,7.19,1.57,0.57,813.44,145.06,-37.66,High Heat,99,209
Mill Park - South,Whittlesea (C),9.25,5.97,10.01,0.54,129,32.47,9.91,6.71,15.85,7.44,1.75,0.72,492.91,145.06,-37.67,High Heat,85,137
Mitcham (Vic.),Whitehorse (C),7.72,3.7,12.11,1.21,214,32.84,20.19,6.47,6.19,12.93,4.54,2.71,662.62,145.2,-37.82,Moderate Heat,174,129
Monbulk - Silvan,Yarra Ranges (S),5.16,1.71,10.83,1.6,69,56.46,31.7,5.98,18.78,9.97,5.88,15.84,6855.02,145.43,-37.87,Moderate Heat,235,20
Montmorency - Briar Hill,Banyule (C),7.86,5.03,9.67,0.77,201,37.57,25.25,6.16,6.16,12.84,7.39,5.03,1202.65,145.12,-37.72,Moderate Heat,164,69
Montrose,Yarra Ranges (S),4.42,1.62,7.1,1.37,80,58.41,38.2,7.5,12.7,14.78,9.16,14.26,1054.24,145.35,-37.81,Moderate Heat,245,16
Moonee Ponds,Moonee Valley (C),9.5,7.0,10.91,0.57,198,23.43,9.75,6.38,7.32,8.52,0.99,0.23,435.46,144.92,-37.77,High Heat,71,272
Moorabbin - Heatherton,Kingston (C) (Vic.),9.47,5.85,11.95,0.94,155,26.03,9.05,5.48,11.51,7.29,1.3,0.45,1169.95,145.06,-37.94,High Heat,73,236
Moorabbin Airport,Kingston (C) (Vic.),11.3,11.16,11.45,0.21,2,31.1,2.55,1.65,26.9,1.95,0.45,0.2,307.55,145.09,-37.98,High Heat,15,156
Mooroolbark,Yarra Ranges (S),7.0,2.81,10.75,1.09,240,40.35,18.61,7.07,14.67,12.02,4.06,2.54,1254.22,145.32,-37.78,Moderate Heat,206,50
Mordialloc - Parkdale,Kingston (C) (Vic.),8.72,2.66,11.92,1.55,296,26.55,10.05,6.85,9.66,8.56,1.16,0.33,796.81,145.09,-38.0,High Heat,117,231
Mornington,Mornington Peninsula (S),7.24,0.04,9.56,1.73,395,28.17,12.59,7.26,8.31,9.76,1.86,0.97,2109.66,145.05,-38.23,Moderate Heat,196,208
Mount Dandenong - Olinda,Yarra Ranges (S),1.02,-2.58,4.72,1.48,143,68.07,51.43,5.73,10.93,12.23,7.29,31.9,8189.34,145.37,-37.86,Low Heat,253,5
Mount Eliza,Mornington Peninsula (S),5.82,0.1,9.61,1.78,245,48.14,22.69,10.8,14.65,16.71,3.99,1.99,2321.05,145.09,-38.19,Moderate Heat,231,31
Mount Evelyn,Yarra Ranges (S),5.11,0.55,9.88,1.53,111,53.98,37.42,5.63,10.93,11.85,7.64,17.93,1698.74,145.38,-37.79,Moderate Heat,237,25
Mount Martha,Mornington Peninsula (S),5.13,-2.14,10.78,2.8,304,50.1,20.02,12.47,17.61,15.66,2.84,1.52,3021.59,145.02,-38.27,Moderate Heat,236,29
Mount Waverley - North,Monash (C),8.04,5.29,11.63,0.77,180,30.7,16.94,6.86,6.9,12.12,3.22,1.61,648.37,145.13,-37.87,High Heat,155,165
Mount Waverley - South,Monash (C),8.12,4.5,10.2,0.87,256,29.45,14.71,6.35,8.38,10.65,2.78,1.28,870.0,145.13,-37.89,High Heat,151,189
Mulgrave,Monash (C),8.69,4.45,10.13,0.72,223,34.09,11.04,7.71,15.33,8.88,1.61,0.55,1071.83,145.18,-37.93,High Heat,118,112
Murrumbeena,Glen Eira (C),8.43,7.03,9.68,0.49,113,27.42,13.94,6.26,7.22,11.13,2.07,0.74,251.45,145.07,-37.9,High Heat,130,218
Narre Warren - North East,Casey (C),11.47,7.86,12.67,0.9,133,36.74,9.83,7.87,19.03,8.59,1.0,0.23,487.4,145.31,-38.01,High Heat,10,84
Narre Warren - South West,Casey (C),11.04,6.29,13.38,1.48,168,36.82,10.89,6.97,18.96,8.51,1.81,0.57,930.54,145.31,-38.02,High Heat,18,81
Narre Warren North,Casey (C),7.96,2.87,11.26,1.68,93,60.74,16.33,7.04,37.36,9.86,3.55,2.92,3440.85,145.31,-37.99,Moderate Heat,159,14
Narre Warren South (East),Casey (C),12.89,7.16,14.97,1.43,117,37.28,10.14,8.33,18.81,9.21,0.79,0.15,622.06,145.31,-38.06,Extreme Heat,2,72
Narre Warren South (West),Casey (C),12.48,8.19,14.69,1.55,138,38.16,8.62,7.89,21.66,7.43,0.95,0.24,677.72,145.29,-38.05,Extreme Heat,4,64
Newport,Hobsons Bay (C),7.47,-3.33,10.08,1.94,265,32.92,10.28,7.0,15.64,8.52,1.31,0.45,884.0,144.88,-37.84,Moderate Heat,187,127
Niddrie - Essendon West,Moonee Valley (C),9.74,6.92,10.91,0.65,92,30.67,9.33,7.46,13.89,7.53,1.34,0.45,280.27,144.89,-37.74,High Heat,60,166
Noble Park - East,Greater Dandenong (C),8.87,6.72,10.39,0.58,153,31.83,10.85,7.18,13.81,7.86,1.86,1.12,376.69,145.18,-37.96,High Heat,108,153
Noble Park - West,Greater Dandenong (C),9.47,7.81,11.15,0.52,204,30.3,8.13,7.37,14.79,6.71,1.0,0.43,479.45,145.17,-37.97,High Heat,73,174
Noble Park North,Greater Dandenong (C),8.55,5.84,9.97,0.65,83,34.83,9.0,7.97,17.86,7.72,1.01,0.27,375.74,145.19,-37.95,High Heat,123,102
North Melbourne,Melbourne (C),8.74,5.85,12.02,0.97,229,19.01,13.68,2.45,2.88,7.41,4.12,2.16,324.91,144.95,-37.8,High Heat,115,290
Northcote,Darebin (C),7.9,4.91,11.86,0.81,347,30.5,13.65,7.83,9.02,11.06,2.04,0.54,614.45,145.0,-37.77,Moderate Heat,162,171
Nunawading,Manningham (C),8.03,7.46,8.39,0.44,4,38.12,22.42,7.28,8.48,16.0,4.68,1.75,12.66,145.18,-37.8,High Heat,156,65
Nunawading,Whitehorse (C),7.92,5.68,11.48,0.76,145,28.32,16.27,5.71,6.33,10.86,3.53,1.88,495.12,145.18,-37.82,Moderate Heat,161,205
Oakleigh - Huntingdale,Monash (C),8.69,6.07,11.1,0.73,313,24.57,10.53,5.57,8.47,8.36,1.61,0.55,1016.95,145.1,-37.91,High Heat,118,258
Ormond - Glen Huntly,Glen Eira (C),8.98,7.25,10.96,0.67,172,24.53,12.7,5.87,5.95,10.6,1.73,0.37,293.7,145.04,-37.9,High Heat,102,259
Pakenham - North,Cardinia (S),11.67,5.69,14.42,1.68,174,30.28,7.86,6.37,16.05,5.94,1.31,0.61,3722.23,145.49,-38.06,High Heat,8,176
Pakenham - South,Cardinia (S),11.7,5.2,14.3,1.55,324,30.82,6.34,6.63,17.86,5.22,0.81,0.3,4976.05,145.47,-38.08,High Heat,7,162
Panton Hill - St Andrews,Nillumbik (S),4.55,-3.18,9.43,2.33,72,63.69,32.07,6.34,25.27,13.55,10.69,7.82,29214.15,145.26,-37.61,Moderate Heat,244,10
Parkville,Melbourne (C),8.65,6.33,10.83,0.89,89,32.21,16.84,4.82,10.56,10.48,4.56,1.81,404.86,144.95,-37.79,High Heat,119,142
Pascoe Vale,Moreland (C),9.37,7.53,10.5,0.47,283,32.88,10.56,7.99,14.33,8.13,1.81,0.62,698.32,144.93,-37.72,High Heat,79,128
Pascoe Vale South,Moreland (C),9.06,7.65,10.47,0.51,118,30.95,10.6,7.48,12.87,8.5,1.69,0.41,298.86,144.94,-37.74,High Heat,96,159
Pearcedale - Tooradin,Casey (C),7.71,2.76,13.87,2.12,95,51.28,16.97,7.97,26.34,12.33,3.43,1.21,9852.49,145.3,-38.21,Moderate Heat,175,27
Plenty - Yarrambat,Nillumbik (S),7.77,4.74,10.69,1.23,120,36.94,20.52,5.83,10.59,10.66,6.58,3.28,2911.19,145.11,-37.67,Moderate Heat,171,79
Point Cook - East,Wyndham (C),8.61,0.89,11.75,2.39,155,25.71,3.09,4.91,17.72,2.79,0.25,0.05,1903.48,144.77,-37.9,High Heat,121,240
Point Cook - North,Wyndham (C),11.03,6.92,12.22,0.89,204,23.87,5.28,6.03,12.56,5.03,0.22,0.01,849.0,144.74,-37.89,High Heat,19,265
Point Cook - South,Wyndham (C),11.1,5.04,12.25,0.95,118,19.7,2.83,4.9,11.97,2.76,0.07,0.0,942.18,144.73,-37.9,High Heat,17,289
Point Nepean,Mornington Peninsula (S),3.07,-8.6,7.18,2.52,747,40.01,22.19,9.55,8.28,19.68,2.02,0.49,6720.54,144.79,-38.37,Low Heat,250,52
Port Melbourne,Port Phillip (C),6.8,-2.81,10.11,1.32,201,23.22,11.87,4.33,7.02,9.37,2.01,0.47,278.91,144.94,-37.84,Moderate Heat,211,273
Port Melbourne Industrial,Melbourne (C),6.78,-1.9,9.65,3.15,28,10.28,3.64,1.74,4.89,2.65,0.81,0.18,498.61,144.92,-37.83,Moderate Heat,213,304
Port Melbourne Industrial,Port Phillip (C),7.76,5.76,10.28,1.42,18,21.93,7.23,2.94,11.76,5.27,1.21,0.74,188.28,144.93,-37.83,Moderate Heat,172,278
Prahran - Windsor,Stonnington (C),7.69,5.9,10.18,0.67,313,21.24,14.13,4.29,2.83,10.44,2.64,1.05,290.5,145.0,-37.85,Moderate Heat,176,280
Preston - East,Darebin (C),8.83,6.44,11.69,0.7,288,23.81,8.15,5.89,9.76,7.09,0.79,0.27,774.46,145.01,-37.74,High Heat,110,268
Preston - West,Darebin (C),8.6,6.18,10.14,0.66,151,32.09,10.55,8.44,13.1,9.34,0.97,0.23,356.74,144.99,-37.74,High Heat,122,147
Research - North Warrandyte,Nillumbik (S),4.89,1.84,8.02,1.36,89,54.59,36.29,6.75,11.55,15.89,11.7,8.7,4978.74,145.2,-37.71,Moderate Heat,238,23
Reservoir - East,Darebin (C),8.98,6.98,12.37,0.54,341,33.35,9.17,8.41,15.78,7.96,0.96,0.25,896.45,145.02,-37.72,High Heat,102,119
Reservoir - West,Darebin (C),8.76,6.34,11.98,0.68,304,33.78,8.69,8.85,16.25,7.46,0.95,0.27,1015.29,145.0,-37.71,High Heat,113,117
Richmond (Vic.),Yarra (C),8.24,3.31,11.2,1.03,545,15.9,9.07,3.7,3.13,6.85,1.62,0.59,621.19,145.0,-37.82,High Heat,143,296
Ringwood,Maroondah (C),7.52,4.76,11.01,1.08,262,26.33,15.53,4.52,6.28,9.94,3.22,2.36,990.97,145.23,-37.81,Moderate Heat,184,234
Ringwood East,Maroondah (C),6.76,4.16,8.56,0.86,247,34.84,22.6,5.46,6.78,13.29,5.42,3.89,939.23,145.25,-37.82,Moderate Heat,214,101
Ringwood North,Maroondah (C),6.45,4.13,9.21,0.93,105,37.26,24.64,5.57,7.04,12.95,6.19,5.49,473.04,145.23,-37.8,Moderate Heat,222,73
Rockbank - Mount Cottrell,Melton (C),10.25,7.97,12.58,1.14,42,24.46,2.48,2.51,19.46,2.01,0.35,0.12,12574.47,144.69,-37.76,High Heat,39,261
Rosebud - McCrae,Mornington Peninsula (S),5.2,-1.61,8.95,1.59,442,39.71,19.01,8.93,11.77,14.75,3.16,1.1,2380.16,144.9,-38.37,Moderate Heat,234,54
Rowville - Central,Knox (C),7.92,3.13,9.48,0.97,142,32.17,12.4,6.69,13.09,9.28,2.38,0.74,819.99,145.25,-37.92,Moderate Heat,161,143
Rowville - North,Knox (C),7.85,2.31,9.49,1.42,76,35.01,11.12,7.16,16.73,8.67,1.96,0.49,416.85,145.26,-37.91,Moderate Heat,165,99
Rowville - South,Knox (C),8.09,2.55,10.07,1.46,101,37.33,13.69,7.5,16.14,9.78,3.0,0.91,935.29,145.24,-37.93,High Heat,153,71
Roxburgh Park - Somerton,Hume (C),9.39,4.89,11.0,0.74,179,29.36,6.96,5.72,16.68,5.62,1.11,0.23,1228.75,144.93,-37.63,High Heat,77,190
Sandringham - Black Rock,Bayside (C),6.32,0.72,9.94,1.77,237,34.12,16.08,8.62,9.42,13.18,2.28,0.62,643.0,145.02,-37.96,Moderate Heat,224,111
Seabrook,Hobsons Bay (C),9.62,5.95,11.19,1.22,64,42.95,9.01,9.12,24.83,7.61,1.3,0.09,161.95,144.76,-37.88,High Heat,65,42
Seaford (Vic.),Frankston (C),7.78,1.93,10.9,2.02,345,37.74,13.03,9.29,15.41,11.0,1.7,0.34,1243.31,145.14,-38.11,Moderate Heat,170,68
Seddon - Kingsville,Maribyrnong (C),8.16,6.72,9.71,0.87,115,21.17,9.36,6.14,5.67,8.46,0.76,0.14,167.98,144.89,-37.81,High Heat,150,281
Skye - Sandhurst,Frankston (C),9.86,6.29,11.82,1.22,137,43.42,8.95,8.77,25.69,7.01,1.31,0.63,1981.67,145.2,-38.1,High Heat,55,40
Somerville,Mornington Peninsula (S),6.01,1.55,9.73,1.64,226,53.58,15.95,8.42,29.21,11.09,3.26,1.6,11737.38,145.17,-38.23,Moderate Heat,230,26
South Melbourne,Port Phillip (C),8.39,5.34,11.27,1.09,223,17.03,12.36,2.62,2.04,8.86,2.57,0.94,249.44,144.96,-37.83,High Heat,133,293
South Morang (North),Whittlesea (C),9.88,6.51,11.75,0.88,114,30.94,7.66,5.87,17.4,5.52,1.34,0.79,1370.71,145.08,-37.63,High Heat,53,160
South Morang (South),Whittlesea (C),9.39,4.62,11.87,1.26,130,27.21,9.27,5.75,12.18,6.61,1.78,0.89,774.29,145.09,-37.65,High Heat,77,223
South Yarra - East,Stonnington (C),7.26,3.61,9.21,0.88,309,23.67,17.13,3.81,2.73,11.92,3.73,1.48,251.7,144.99,-37.84,Moderate Heat,195,269
South Yarra - West,Melbourne (C),7.05,4.98,9.27,0.95,95,25.27,18.65,4.03,2.58,13.22,4.2,1.23,150.23,144.98,-37.84,Moderate Heat,203,251
Southbank,Melbourne (C),7.22,3.94,9.98,1.38,98,11.61,7.34,1.22,3.04,3.85,1.96,1.52,307.38,144.96,-37.83,Moderate Heat,198,300
Springvale,Greater Dandenong (C),9.27,5.44,11.31,0.76,249,31.1,7.51,6.69,16.9,6.21,0.92,0.38,1110.49,145.15,-37.95,High Heat,83,156
Springvale South,Greater Dandenong (C),9.87,7.98,10.86,0.54,124,34.22,8.75,7.55,17.92,7.14,1.14,0.47,456.0,145.15,-37.97,High Heat,54,109
St Albans - North,Brimbank (C),10.61,9.56,12.87,0.48,220,27.45,6.61,6.7,14.14,5.41,0.92,0.28,652.15,144.8,-37.74,High Heat,33,216
St Albans - South,Brimbank (C),10.95,9.77,12.88,0.58,182,29.66,5.36,6.63,17.67,4.65,0.58,0.12,626.39,144.81,-37.75,High Heat,22,187
St Kilda,Port Phillip (C),7.63,3.63,9.8,0.96,433,21.01,14.95,3.39,2.67,10.29,3.44,1.22,390.06,144.98,-37.86,Moderate Heat,179,282
St Kilda East,Port Phillip (C),8.09,6.32,9.46,0.61,258,22.27,15.01,4.51,2.74,11.03,3.14,0.84,241.34,145.0,-37.87,High Heat,153,275
Strathmore,Moonee Valley (C),9.92,7.82,12.76,0.88,123,35.69,13.17,7.83,14.69,10.1,2.38,0.7,414.39,144.91,-37.73,High Heat,50,91
Sunbury,Hume (C),8.45,5.31,9.87,0.85,138,29.7,13.66,5.74,10.29,8.66,3.55,1.45,12462.14,144.74,-37.57,High Heat,129,186
Sunbury - South,Hume (C),9.19,6.94,12.66,0.81,293,24.1,9.97,5.59,8.54,7.54,1.79,0.63,7922.77,144.71,-37.58,High Heat,90,264
Sunbury - South,Melton (C),10.22,8.88,12.29,0.8,36,25.44,5.67,4.54,15.23,4.66,0.68,0.33,5188.23,144.71,-37.62,High Heat,41,244
Sunshine,Brimbank (C),10.09,7.92,13.04,0.87,135,30.13,9.06,6.29,14.79,7.42,1.27,0.36,473.18,144.83,-37.79,High Heat,43,179
Sunshine North,Brimbank (C),10.63,7.01,12.35,0.73,183,26.7,4.98,5.63,16.09,4.17,0.58,0.23,802.26,144.84,-37.76,High Heat,32,228
Sunshine West,Brimbank (C),10.23,4.37,11.85,1.08,207,32.84,6.7,7.02,19.12,5.6,0.87,0.22,1296.71,144.81,-37.8,High Heat,40,129
Surrey Hills (East) - Mont Albert,Whitehorse (C),7.58,6.05,9.95,0.59,119,33.25,21.44,6.47,5.34,15.43,4.54,1.48,332.75,145.11,-37.82,Moderate Heat,182,121
Surrey Hills (West) - Canterbury,Boroondara (C),6.85,5.01,8.58,0.63,221,32.6,22.4,5.57,4.63,14.89,5.5,2.02,570.2,145.08,-37.82,Moderate Heat,210,135
Sydenham,Brimbank (C),11.57,10.95,12.82,0.43,122,22.06,5.55,5.47,11.04,4.99,0.49,0.06,394.73,144.76,-37.7,High Heat,9,276
Tarneit,Wyndham (C),8.87,5.82,11.63,0.84,293,20.17,3.32,4.65,12.21,3.12,0.18,0.02,6213.61,144.67,-37.85,High Heat,108,287
Taylors Hill,Melton (C),10.8,7.66,12.62,1.1,160,23.62,4.95,5.3,13.37,4.62,0.28,0.05,596.68,144.75,-37.71,High Heat,28,271
Taylors Lakes,Brimbank (C),10.75,6.6,14.02,0.69,182,30.43,7.25,6.57,16.61,6.21,0.86,0.18,1846.01,144.79,-37.7,High Heat,30,172
Templestowe,Manningham (C),8.32,5.38,10.55,0.89,188,39.08,18.73,7.89,12.46,12.25,3.9,2.6,1611.49,145.15,-37.76,High Heat,139,56
Templestowe Lower,Manningham (C),8.9,5.18,10.39,0.68,151,30.78,15.73,7.73,7.33,11.67,2.54,1.51,593.81,145.11,-37.77,High Heat,107,164
The Basin,Knox (C),4.36,0.43,6.59,1.71,47,54.97,35.53,7.38,12.07,14.25,7.58,13.7,571.56,145.31,-37.86,Moderate Heat,246,21
Thomastown,Whittlesea (C),9.25,4.94,12.23,0.73,279,28.46,5.31,6.76,16.39,4.56,0.6,0.15,1468.17,145.01,-37.68,High Heat,85,202
Thornbury,Darebin (C),8.41,5.55,10.34,0.61,264,28.66,11.12,7.79,9.75,9.46,1.25,0.4,499.62,145.0,-37.76,High Heat,131,201
Toorak,Stonnington (C),6.92,4.56,8.52,0.69,210,31.97,22.85,5.17,3.95,16.18,4.7,1.97,432.29,145.01,-37.84,Moderate Heat,208,150
Truganina,Wyndham (C),11.44,7.71,12.71,0.99,209,22.97,2.37,4.33,16.26,2.23,0.11,0.03,2716.23,144.73,-37.85,High Heat,12,274
Tullamarine,Hume (C),9.89,7.7,11.35,0.69,94,27.34,7.0,6.21,14.14,5.58,0.95,0.46,385.91,144.88,-37.7,High Heat,52,220
Upwey - Tecoma,Yarra Ranges (S),4.56,-0.34,8.8,1.8,106,60.45,44.18,7.18,9.09,15.13,8.44,20.61,889.03,145.33,-37.91,Moderate Heat,243,15
Vermont,Maroondah (C),7.39,5.14,9.57,1.45,6,42.82,19.5,8.42,14.87,13.53,3.82,2.12,22.25,145.21,-37.84,Moderate Heat,191,44
Vermont,Whitehorse (C),7.63,4.1,9.45,0.91,111,36.19,19.64,7.47,9.07,13.11,4.11,2.42,438.68,145.2,-37.84,Moderate Heat,179,87
Vermont South,Whitehorse (C),8.2,3.19,12.25,1.3,123,36.79,17.04,7.96,11.79,11.39,3.63,2.02,618.37,145.19,-37.85,High Heat,146,83
Viewbank - Yallambie,Banyule (C),8.61,4.47,10.17,0.85,219,33.92,17.52,7.27,9.12,11.72,3.71,2.09,1023.67,145.09,-37.73,High Heat,121,115
Wallan,Mitchell (S),6.13,1.38,8.42,1.34,158,34.94,9.61,4.95,20.38,6.15,2.39,1.07,17558.64,144.98,-37.41,Moderate Heat,228,100
Wandin - Seville,Yarra Ranges (S),6.28,2.8,9.18,1.38,76,54.74,24.32,7.0,23.42,10.71,5.51,8.09,11174.13,145.45,-37.78,Moderate Heat,225,22
Wantirna,Knox (C),8.03,4.39,10.41,0.92,145,31.61,15.21,5.63,10.77,9.9,3.53,1.77,830.57,145.23,-37.85,High Heat,156,154
Wantirna South,Knox (C),8.25,4.22,9.7,0.85,177,30.15,13.01,5.99,11.16,9.35,2.67,0.99,1335.47,145.23,-37.87,High Heat,142,178
Warrandyte - Wonga Park,Manningham (C),5.13,1.53,8.48,1.26,134,57.42,34.28,7.36,15.77,15.23,11.1,7.95,4390.62,145.23,-37.75,Moderate Heat,236,17
Warrandyte - Wonga Park,Yarra Ranges (S),5.55,3.67,7.92,1.89,4,66.6,21.78,7.52,37.22,12.3,5.18,4.32,184.66,145.29,-37.76,Moderate Heat,233,7
Watsonia,Banyule (C),9.02,7.34,10.85,0.51,108,29.04,14.22,6.54,8.28,10.57,2.67,1.0,378.49,145.08,-37.71,High Heat,98,195
Wattle Glen - Diamond Creek,Nillumbik (S),7.45,2.79,10.1,1.31,152,41.21,23.27,7.23,10.72,12.39,6.84,4.03,2681.98,145.16,-37.67,Moderate Heat,188,48
Werribee - East,Wyndham (C),7.63,3.89,8.72,0.65,213,30.05,8.33,6.69,15.04,6.93,1.09,0.3,775.65,144.66,-37.89,Moderate Heat,179,180
Werribee - South,Wyndham (C),6.9,-0.53,11.77,1.83,184,35.08,9.45,5.99,19.63,6.95,1.82,0.67,11402.98,144.67,-37.92,Moderate Heat,209,97
Werribee - West,Wyndham (C),8.07,3.72,9.63,0.98,139,34.63,9.36,6.62,18.64,7.41,1.41,0.52,5989.36,144.64,-37.9,High Heat,154,103
West Footscray - Tottenham,Maribyrnong (C),9.66,7.42,12.06,0.77,154,27.51,8.69,6.84,11.98,7.75,0.75,0.18,598.01,144.87,-37.8,High Heat,63,214
West Melbourne,Melbourne (C),7.24,-1.77,11.64,4.68,14,5.5,2.11,0.91,2.49,1.4,0.58,0.14,619.86,144.92,-37.81,Moderate Heat,196,307
Wheelers Hill,Monash (C),8.25,4.11,10.73,0.69,203,36.81,15.91,8.44,12.46,11.57,2.91,1.42,1043.86,145.18,-37.91,High Heat,142,82
Whittlesea,Whittlesea (C),7.93,-3.73,10.84,2.15,110,38.64,12.62,5.56,20.45,7.77,2.95,1.91,22016.33,145.11,-37.51,Moderate Heat,160,60
Williamstown,Hobsons Bay (C),6.16,2.73,9.25,1.17,264,32.29,9.86,6.05,16.36,8.18,1.43,0.26,734.6,144.89,-37.86,Moderate Heat,227,140
Wollert,Whittlesea (C),10.0,7.81,11.11,0.64,92,16.22,1.89,2.85,11.48,1.49,0.32,0.07,5388.11,145.02,-37.61,High Heat,47,295
Wyndham Vale,Wyndham (C),8.94,6.55,10.84,0.81,230,23.86,4.9,5.34,13.62,4.43,0.33,0.14,7113.1,144.61,-37.88,High Heat,105,266
Yarra - North,Yarra (C),7.81,2.18,10.23,1.46,147,31.86,16.33,6.53,9.0,11.34,3.13,1.86,520.84,145.01,-37.79,Moderate Heat,168,152
Yarra Valley,Yarra Ranges (S),3.6,-4.69,10.09,3.02,241,61.08,34.95,6.71,19.42,12.8,6.96,15.18,33380.98,145.63,-37.78,Low Heat,249,12
Yarraville,Maribyrnong (C),8.4,6.51,10.42,0.87,203,30.24,10.75,7.42,12.07,9.34,1.11,0.31,561.93,144.88,-37.82,High Heat,132,177
